 {
  "users": {},
  "adminAccountNumber": "47987192856",
  "adminUsername": "cs304352",
  "companies": [
    { "id": "emp1", "name": "Empresa Alfa", "depositPerMinute": 1000 },
    { "id": "emp2", "name": "Empresa Beta", "depositPerMinute": 1000 },
    { "id": "emp3", "name": "Empresa Gama", "depositPerMinute": 1000 },
    { "id": "emp4", "name": "Empresa Delta", "depositPerMinute": 1000 },
    { "id": "emp5", "name": "Empresa Epsilon", "depositPerMinute": 1000 },
    { "id": "emp6", "name": "Empresa Zeta", "depositPerMinute": 1000 },
    { "id": "emp7", "name": "Empresa Eta", "depositPerMinute": 1000 },
    { "id": "emp8", "name": "Empresa Theta", "depositPerMinute": 1000 },
    { "id": "emp9", "name": "Empresa Iota", "depositPerMinute": 1000 },
    { "id": "emp10", "name": "Empresa Kappa", "depositPerMinute": 1000 },
    { "id": "emp11", "name": "Empresa Lambda", "depositPerMinute": 1000 },
    { "id": "emp12", "name": "Empresa Mu", "depositPerMinute": 1000 },
    { "id": "emp13", "name": "Empresa Nu", "depositPerMinute": 1000 },
    { "id": "emp14", "name": "Empresa Xi", "depositPerMinute": 1000 },
    { "id": "emp15", "name": "Empresa Omicron", "depositPerMinute": 1000 },
    { "id": "emp16", "name": "Empresa Pi", "depositPerMinute": 1000 },
    { "id": "emp17", "name": "Empresa Rho", "depositPerMinute": 1000 },
    { "id": "emp18", "name": "Empresa Sigma", "depositPerMinute": 1000 },
    { "id": "emp19", "name": "Empresa Tau", "depositPerMinute": 1000 },
    { "id": "emp20", "name": "Empresa Upsilon", "depositPerMinute": 1000 },
    { "id": "emp21", "name": "Empresa Phi", "depositPerMinute": 1000 },
    { "id": "emp22", "name": "Empresa Chi", "depositPerMinute": 1000 },
    { "id": "emp23", "name": "Empresa Psi", "depositPerMinute": 1000 },
    { "id": "emp24", "name": "Empresa Omega", "depositPerMinute": 1000 },
    { "id": "emp25", "name": "Empresa Atlantis", "depositPerMinute": 1000 },
    { "id": "emp26", "name": "Empresa Olympus", "depositPerMinute": 1000 },
    { "id": "emp27", "name": "Empresa Titan", "depositPerMinute": 1000 },
    { "id": "emp28", "name": "Empresa Cosmos", "depositPerMinute": 1000 },
    { "id": "emp29", "name": "Empresa Vortex", "depositPerMinute": 1000 },
    { "id": "emp30", "name": "Empresa Zenith", "depositPerMinute": 1000 }
  ],
  "cryptoMarket": {
    "price": 100.00,
    "lastUpdate": 0
  },
  "timers": {
    "lastMinuteTick": 0,
    "lastDividendTick": 0,
    "lastCryptoTick": 0,
    "engineLeader": { "tabId": null, "since": 0 }
  },
  "meta": {
    "version": 1,
    "createdAt": 0,
    "updatedAt": 0
  }
}
